{
    "cardBacks": {
        "red_card_back": {
            "width": 0.72,
            "height": 1.0,
            "imageUrl": "https://m.media-amazon.com/images/I/6188fXzI+DL._AC_UF894,1000_QL80_.jpg"
        },
        "Player": {
            "height": 1,
            "imageUrl": "https://m.media-amazon.com/images/I/6188fXzI+DL._AC_UF894,1000_QL80_.jpg",
            "width": 0.72
        },
        "Villain": {
            "height": 1,
            "imageUrl": "https://i.pinimg.com/736x/da/09/d8/da09d89af912dbc03fc9d326f01f685a.jpg",
            "width": 0.72
        }
    }
}