{
    "groupTypes": {
        "deck": {
            "canHaveAttachments": false,
            "canHaveTokens": false,
            "shuffleOnLoad": true,
            "onCardEnter": {
                "currentSide": "B",
                "inPlay": false,
                "rotation": 0
            }
        },
        "discard": {
            "canHaveAttachments": false,
            "canHaveTokens": false,
            "shuffleOnLoad": false,
            "onCardEnter": {
                "currentSide": "A",
                "inPlay": false,
                "rotation": 0
            }
        },
        "hand": {
            "canHaveAttachments": false,
            "canHaveTokens": false,
            "shuffleOnLoad": false,
            "onCardEnter": {
                "currentSide": "A",
                "inPlay": false,
                "rotation": 0
            }
        },
        "inPlay": {
            "canHaveAttachments": true,
            "canHaveTokens": true,
            "shuffleOnLoad": false,
            "onCardEnter": {
                "currentSide": "A",
                "inPlay": true
            }
        }
    }
}