{
    "layouts": {
        "crazyEights": {
            "cardSize": 16,
            "rowSpacing": 3,
            "chat": {"left": "75%", "top": "4/5", "width": "23%", "height": "1/5"},
            "regions": {
                "sharedFreeArea":       {"groupId": "sharedFreeArea",       "type": "free","direction": "horizontal", "left": "0%", "top":  "0%", "width": "40%",  "height": "4/5"},
                "sharedMainDeck":      {"groupId": "sharedMainDeck",    "type": "pile","direction": "horizontal", "left": "40%", "top": "2/5", "width": "10%", "height": "1/5"},
                "sharedMainDiscard":   {"groupId": "sharedMainDiscard", "type": "pile","direction": "horizontal", "left": "50%", "top": "2/5", "width": "10%", "height": "1/5"},
                "playerNHand":     {"groupId": "playerNHand",   "type": "fan", "direction": "horizontal", "left":  "0%", "top": "4/5", "width":  "75%", "height": "1/5", "style": {"background": "rgba(0, 0, 0, 0.3)"}},
                "player1Deck":        {"groupId": "player1Deck",      "type": "pile","direction": "horizontal", "left": "40%", "top": "4/5", "width":  "10%","height": "1/5", "style": {"background": "rgba(0, 0, 0, 0.3)"}},
                "player1Discard":     {"groupId": "player1Discard",   "type": "pile","direction": "horizontal", "left": "50%", "top": "4/5", "width":  "10%","height": "1/5", "style": {"background": "rgba(0, 0, 0, 0.3)"}},
                "sideRegion":      {"groupId": "sharedSetAside","type": "fan", "direction": "vertical",   "left": "90%", "top": "0/5", "width":  "10%", "height": "4/5", "style": {"background": "rgba(0, 0, 0, 0.3)"}, "visible": false}
            },
            "tableButtons": {
                "sharedSetAside": {
                  "actionList": ["TOGGLE_SIDE_REGION", "sharedSetAside"],
                  "label": "SA", "left": "98%", "top": "80%", "width": "2%", "height": "5%"
                }
            }
        },
        "war": {
            "cardSize": 16,
            "rowSpacing": 3,
            "chat": {"left": "75%", "top": "4/5", "width": "23%", "height": "1/5"},
            "regions": {
                "player1PlayArea":    {"groupId": "player1PlayArea",  "type": "row", "direction": "horizontal", "left":  "45%", "top":  "3/5", "width": "10%", "height": "1/5"},
                "player2PlayArea":    {"groupId": "player2PlayArea",  "type": "row", "direction": "horizontal", "left":  "30%", "top":  "2/5", "width": "10%", "height": "1/5"},
                "player3PlayArea":    {"groupId": "player3PlayArea",  "type": "row", "direction": "horizontal", "left":  "45%", "top":  "1/5", "width": "10%", "height": "1/5"},
                "player4PlayArea":    {"groupId": "player4PlayArea",  "type": "row", "direction": "horizontal", "left":  "60%", "top":  "2/5", "width": "10%", "height": "1/5"},
                "player1Deck":        {"groupId": "player1Deck",      "type": "pile","direction": "horizontal", "left": "40%", "top": "4/5", "width":  "10%","height": "1/5", "style": {"background": "rgba(0, 0, 0, 0.3)"}},
                "player1Discard":     {"groupId": "player1Discard",   "type": "pile","direction": "horizontal", "left": "50%", "top": "4/5", "width":  "10%","height": "1/5", "style": {"background": "rgba(0, 0, 0, 0.3)"}},
                "player2Deck":        {"groupId": "player2Deck",      "type": "pile","direction": "horizontal", "left": "15%", "top": "3/10","width":  "10%","height": "1/5", "style": {"background": "rgba(0, 0, 0, 0.3)"}},
                "player2Discard":     {"groupId": "player2Discard",   "type": "pile","direction": "horizontal", "left": "15%", "top": "5/10","width":  "10%","height": "1/5", "style": {"background": "rgba(0, 0, 0, 0.3)"}},
                "player3Deck":        {"groupId": "player3Deck",      "type": "pile","direction": "horizontal", "left": "40%", "top": "0/5", "width":  "10%","height": "1/5", "style": {"background": "rgba(0, 0, 0, 0.3)"}},
                "player3Discard":     {"groupId": "player3Discard",   "type": "pile","direction": "horizontal", "left": "50%", "top": "0/5", "width":  "10%","height": "1/5", "style": {"background": "rgba(0, 0, 0, 0.3)"}},
                "player4Deck":        {"groupId": "player4Deck",      "type": "pile","direction": "horizontal", "left": "75%", "top": "3/10","width":  "10%","height": "1/5", "style": {"background": "rgba(0, 0, 0, 0.3)"}},
                "player4Discard":     {"groupId": "player4Discard",   "type": "pile","direction": "horizontal", "left": "75%", "top": "5/10","width":  "10%","height": "1/5", "style": {"background": "rgba(0, 0, 0, 0.3)"}},
                "sideRegion":         {"groupId": "sharedSetAside",   "type": "fan", "direction": "vertical",   "left": "90%", "top": "0/5", "width":  "10%","height": "4/5", "style": {"background": "rgba(0, 0, 0, 0.3)"}, "visible": false}
            },
            "tableButtons": {
                "sharedSetAside": {
                  "actionList": ["TOGGLE_SIDE_REGION", "sharedSetAside"],
                  "label": "SA", "left": "98%", "top": "80%", "width": "2%", "height": "5%"
                }
            }
        }
    }
}