{
    "preBuiltDecks": {
        "shogunStarterDeck": {
            "label": "id:shogunStarterDeck",
            "cards": [
                {
                    "databaseId": "villain_id1",
                    "quantity": 1,
                    "loadGroupId": "villainPlayArea"
                },
                {
                    "databaseId": "encounter_id1",
                    "quantity": 1,
                    "loadGroupId": "villainDeck"
                },
                {
                    "databaseId": "status_id1",
                    "quantity": 1,
                    "loadGroupId": "villainDeck"
                },
                {
                    "databaseId": "minion_id1",
                    "quantity": 1,
                    "loadGroupId": "villainDeck"
                },
                {
                    "databaseId": "location_id1",
                    "quantity": 1,
                    "loadGroupId": "villainDeck"
                },
                {
                    "databaseId": "hero_id1",
                    "quantity": 1,
                    "loadGroupId": "player1HeroArea"
                },
                {
                    "databaseId": "ally_id1",
                    "quantity": 1,
                    "loadGroupId": "player1Deck"
                },
                {
                    "databaseId": "upgrade_id1",
                    "quantity": 1,
                    "loadGroupId": "player1Deck"
                },
                {
                    "databaseId": "support_id1",
                    "quantity": 1,
                    "loadGroupId": "player1Deck"
                },
                {
                    "databaseId": "event_id1",
                    "quantity": 1,
                    "loadGroupId": "player1Deck"
                },
                {
                    "databaseId": "event_id2",
                    "quantity": 1,
                    "loadGroupId": "player1Deck"
                }
            ],
            "postLoadActionList": "loadedShogunStarterDeck"
        },
        "villainBoostTest20": {
            "label": "id:villainBoostTest20",
            "cards": [
                {
                    "databaseId": "boost_card0_id1",
                    "quantity": 2,
                    "loadGroupId": "villainDeck"
                },
                {
                    "databaseId": "boost_card1_id1",
                    "quantity": 8,
                    "loadGroupId": "villainDeck"
                },
                {
                    "databaseId": "boost_card2_id1",
                    "quantity": 7,
                    "loadGroupId": "villainDeck"
                },
                {
                    "databaseId": "boost_card3_id1",
                    "quantity": 3,
                    "loadGroupId": "villainDeck"
                }
            ]
        }
    }
}