{
    "steps": {
        "1.1": {"phaseId": "examplePhase1", "label": "id:step-1.1"},
        "1.2": {"phaseId": "examplePhase1", "label": "id:step-1.2"},
        "2.1": {"phaseId": "examplePhase2", "label": "id:step-2.1"},
        "2.2": {"phaseId": "examplePhase2", "label": "id:step-2.2"},
        "3.1": {"phaseId": "examplePhase3", "label": "id:step-3.1"},
        "3.2": {"phaseId": "examplePhase3", "label": "id:step-3.2"},
        "3.3": {"phaseId": "examplePhase3", "label": "id:step-3.3"},
        "3.4": {"phaseId": "examplePhase3", "label": "id:step-3.4"}
    },
    "stepOrder": ["1.1", "1.2", "2.1", "2.2", "3.1", "3.2", "3.3", "3.4"]
}